id;continent;countryCode;stateProvince;county;locality;decimalLatitude;decimalLongitude
0;;BR;Pará;Belém;Mocambo;1.440694;-48.41125
1;SOUTH_AMERICA;BR;Maranhão;São Luís;Fazenda Escola;-4.587222;-44.208611
2;SOUTH_AMERICA;BR;Maranhão;Caxias;Santa Tereza Village;-4.899722;-43.470833
3;;BR;Pará;Belém;Mocambo;1.440694;-48.41125
4;;BR;Pará;Belém;Mocambo;1.440694;-48.41125
5;SOUTH_AMERICA;BR;Pará;Bragança;Ilha de Canela;;
6;SOUTH_AMERICA;BR;Maranhão;Rosário;Rosário;-2.853972;-44.153167
7;SOUTH_AMERICA;BR;Pará;Bragança;Península Bragantina;;
8;;BR;Pará;Belém;Mocambo;1.440694;-48.41125
9;;BR;Pará;Belém;Mocambo;1.440694;-48.41125
10;;BR;Pará;;Plataforma Continental do Amazonas;3.7817;-49.840417
11;;BR;Pará;Belém;Mocambo;1.440694;-48.41125
12;;BR;Pará;Belém;Mocambo;1.440694;-48.41125
13;SOUTH_AMERICA;BR;Maranhão;São Luís;Fazenda Escola;-4.587222;-44.208611
14;;BR;Pará;Belém;Mocambo;1.440694;-48.41125
15;SOUTH_AMERICA;BR;Pará;Bragança;Ilha de Canela;;
16;SOUTH_AMERICA;BR;Maranhão;Caxias;Santa Tereza Village;-4.558333;-43.470833
17;SOUTH_AMERICA;BR;Maranhão;São Luís;Fazenda Escola;-4.587222;-44.208611
18;SOUTH_AMERICA;BR;Maranhão;Rosário;Rosário;-2.853972;-44.153167
19;;BR;Pará;Belém;Mocambo;1.440694;-48.41125
20;SOUTH_AMERICA;BR;Maranhão;São Luís;Fazenda Escola;-4.587222;-44.208611
21;SOUTH_AMERICA;BR;Pará;Bragança;Península Bragantina;;
22;;BR;Pará;Belém;Mocambo;1.440694;-48.41125
23;SOUTH_AMERICA;BR;Pará;Bragança;Ilha de Canela;;
24;SOUTH_AMERICA;BR;Pará;Bragança;Península Bragantina;;
25;;BR;Pará;Belém;Mocambo;1.440694;-48.41125
26;SOUTH_AMERICA;BR;Maranhão;Alcântara;Rio Grande;-2.42375;-44.425444
27;;BR;Pará;Belém;Mocambo;1.440694;-48.41125
28;;BR;Pará;Belém;Mocambo;1.440694;-48.41125
29;;BR;Pará;Belém;Mocambo;1.440694;-48.41125
30;SOUTH_AMERICA;BR;Pará;Bragança;Península Bragantina;;
31;SOUTH_AMERICA;BR;Pará;Maracanã;Ilha de Algodoal;;
32;;BR;Pará;Belém;Mocambo;1.440694;-48.41125
33;;BR;Pará;;Plataforma Continental do Amazonas;3.938833;-50.653333
34;;BR;Pará;Belém;Mocambo;1.440694;-48.41125
35;SOUTH_AMERICA;BR;Maranhão;Caxias;Santa Tereza Village;-4.558333;-43.470833
36;;BR;Pará;Belém;Mocambo;1.440694;-48.41125
37;;BR;Pará;Belém;Mocambo;1.440694;-48.41125
38;SOUTH_AMERICA;BR;Maranhão;São Luís;Fazenda Escola;-4.587222;-44.208611
39;SOUTH_AMERICA;BR;Maranhão;Tomé-Açu;Tomé-Açu;-2.394167;-48.164444
40;;BR;Pará;Belém;Mocambo;1.440694;-48.41125
41;SOUTH_AMERICA;BR;Maranhão;São Luís;Fazenda Escola;-4.587222;-44.208611
42;SOUTH_AMERICA;BR;Pará;Curuçá;Curuça;;
43;SOUTH_AMERICA;BR;Pará;Maracanã;Ilha de Algodoal;;
44;;BR;Pará;Belém;Mocambo;1.440694;-48.41125
45;SOUTH_AMERICA;BR;Pará;Curuçá;Curuça;;
46;;BR;Pará;Belém;Mocambo;1.440694;-48.41125
47;;BR;Pará;Belém;Mocambo;1.440694;-48.41125
48;;BR;Pará;Belém;Mocambo;1.440694;-48.41125
49;;BR;Pará;Belém;Mocambo;1.440694;-48.41125
50;SOUTH_AMERICA;BR;Maranhão;São Luís;Fazenda Escola;-4.587222;-44.208611
51;SOUTH_AMERICA;BR;Maranhão;Caxias;Maranhão Federal Institute;-4.820833;-43.342222
52;SOUTH_AMERICA;BR;Maranhão;Caxias;Inhamum Protection Area;-4.890833;-43.420278
53;SOUTH_AMERICA;BR;Maranhão;São Luís;Fazenda Escola;-4.587222;-44.208611
54;;BR;Pará;Belém;Mocambo;1.440694;-48.41125
55;;BR;Pará;Belém;Mocambo;1.440694;-48.41125
56;SOUTH_AMERICA;BR;Pará;Marapanim;Praia de Marudá;;
57;SOUTH_AMERICA;BR;Pará;Bragança;Ilha de Canela;;
58;;BR;Pará;Belém;Mocambo;1.440694;-48.41125
59;SOUTH_AMERICA;BR;Maranhão;Caxias;Inhamum Protection Area;-4.8625;-43.363889
60;;BR;Pará;Belém;Mocambo;1.440694;-48.41125
61;;BR;Pará;Belém;Mocambo;1.440694;-48.41125
62;SOUTH_AMERICA;BR;Maranhão;Rosário;Rosário;-2.853972;-44.153167
63;;BR;Pará;Belém;Mocambo;1.440694;-48.41125
64;SOUTH_AMERICA;BR;Pará;Bragança;Península Bragantina;;
65;SOUTH_AMERICA;BR;Pará;Bragança;Furo Grande;;
66;SOUTH_AMERICA;BR;Pará;Marapanim;Praia de Marudá;;
67;;BR;Pará;Belém;Mocambo;1.440694;-48.41125
68;SOUTH_AMERICA;BR;Pará;Bragança;Ilha de Canela;;
69;;BR;Pará;;Plataforma Continental do Amazonas;3.135833;-48.449
70;;BR;Pará;Belém;Mocambo;1.440694;-48.41125
71;SOUTH_AMERICA;BR;Pará;Curuçá;Curuça;;
72;SOUTH_AMERICA;BR;Maranhão;Alcântara;Rio Grande;-2.42375;-44.425444
73;SOUTH_AMERICA;BR;Maranhão;Rosário;Rosário;-2.853972;-44.153167
74;SOUTH_AMERICA;BR;Pará;Bragança;Ilha de Canela;;
75;SOUTH_AMERICA;BR;Maranhão;Caxias;Maranhão Federal Institute;-4.904167;-43.472222
76;SOUTH_AMERICA;BR;Maranhão;Itinga do Maranhão;Reserva Biológica Gurupi;-4.0428;-46.906058
77;SOUTH_AMERICA;BR;Maranhão;Caxias;Santa Tereza Village;-4.891111;-43.425833
78;SOUTH_AMERICA;BR;Maranhão;Caxias;Maranhão Federal Institute;-4.821667;-43.342222
79;SOUTH_AMERICA;BR;Maranhão;Caxias;Santa Tereza Village;-4.891111;-43.425833
80;;BR;Pará;Belém;Mocambo;1.440694;-48.41125
81;;BR;Pará;Belém;Mocambo;1.440694;-48.41125
82;;BR;Pará;Belém;Mocambo;1.440694;-48.41125
83;;BR;Pará;Belém;Mocambo;1.440694;-48.41125
84;;BR;Pará;Belém;Mocambo;1.440694;-48.41125
85;;BR;Pará;Belém;Mocambo;1.440694;-48.41125
86;SOUTH_AMERICA;BR;Pará;Bragança;Praia de Ajuruteua;;
87;SOUTH_AMERICA;BR;Maranhão;Caxias;Santa Tereza Village;-4.899722;-43.470833
88;SOUTH_AMERICA;BR;Maranhão;Caxias;Maranhão Federal Institute;-4.821111;-43.340833
89;SOUTH_AMERICA;BR;Pará;Bragança;Península Bragantina;;
90;SOUTH_AMERICA;BR;Maranhão;Caxias;Maranhão Federal Institute;-4.904167;-43.472222
91;SOUTH_AMERICA;BR;Maranhão;Itinga do Maranhão;Reserva Biológica Gurupi;-4.0428;-46.906058
92;;BR;Pará;Belém;Mocambo;1.440694;-48.41125
93;SOUTH_AMERICA;BR;Pará;Bragança;Península Bragantina;;
94;SOUTH_AMERICA;BR;Maranhão;Caxias;Santa Tereza Village;-4.904167;-43.472222
95;;BR;Pará;Belém;Mocambo;1.440694;-48.41125
96;SOUTH_AMERICA;BR;Pará;Bragança;Ilha de Canela;;
97;SOUTH_AMERICA;BR;Pará;Maracanã;Ilha de Algodoal;;
98;;BR;Pará;Belém;Mocambo;1.440694;-48.41125
99;;BR;Pará;Belém;Mocambo;1.440694;-48.41125
100;;BR;Pará;Belém;Mocambo;1.440694;-48.41125
101;;BR;Pará;Belém;Mocambo;1.440694;-48.41125
102;;BR;Pará;Belém;Mocambo;1.440694;-48.41125
103;;BR;Pará;Belém;Mocambo;1.440694;-48.41125
104;SOUTH_AMERICA;BR;Maranhão;Caxias;Maranhão Federal Institute;-4.818611;-43.343056
105;SOUTH_AMERICA;BR;Pará;Bragança;Península Bragantina;;
106;SOUTH_AMERICA;BR;Pará;Maracanã;Ilha de Algodoal;;
107;SOUTH_AMERICA;BR;Maranhão;Caxias;Maranhão Federal Institute;-4.904167;-43.472222
108;SOUTH_AMERICA;BR;Maranhão;Caxias;Santa Tereza Village;-4.891111;-43.425833
109;SOUTH_AMERICA;BR;Pará;Bragança;Península Bragantina;;
110;;BR;Pará;Belém;Mocambo;1.440694;-48.41125
111;SOUTH_AMERICA;BR;Pará;Bragança;Península Bragantina;;
112;SOUTH_AMERICA;BR;Pará;Maracanã;Ilha de Algodoal;;
113;SOUTH_AMERICA;BR;Ceará;Jijoca de Jericoacoara;Parque Nacional de Jericoacoara;;
114;SOUTH_AMERICA;BR;Maranhão;Tomé-Açu;Tomé-Açu;-2.394167;-48.164444
115;SOUTH_AMERICA;BR;Maranhão;Caxias;Santa Tereza Village;-4.899722;-43.470833
116;SOUTH_AMERICA;BR;Paraná;Pontal do Paraná;Praia do Miguel. Ilha do Mel;;
117;SOUTH_AMERICA;BR;Pará;Bragança;Península Bragantina;;
118;SOUTH_AMERICA;BR;Maranhão;Bom Jesus;Rio dos Bois;-4.038889;-46.932778
119;;BR;Pará;Belém;Mocambo;1.440694;-48.41125
120;;BR;Pará;Belém;Mocambo;1.440694;-48.41125
121;;BR;Pará;Belém;Mocambo;1.440694;-48.41125
122;;BR;Pará;Belém;Mocambo;1.440694;-48.41125
123;;BR;Pará;Belém;Mocambo;1.440694;-48.41125
124;;BR;Pará;Belém;Mocambo;1.440694;-48.41125
125;SOUTH_AMERICA;BR;Pará;Maracanã;Ilha de Algodoal;;
126;;BR;Pará;Belém;Mocambo;1.440694;-48.41125
127;SOUTH_AMERICA;BR;Pará;Bragança;Praia de Ajuruteua;;
128;;BR;Pará;;Plataforma Continental do Amazonas;3.7817;-49.840417
129;;BR;Pará;Belém;Mocambo;1.440694;-48.41125
130;SOUTH_AMERICA;BR;Maranhão;Caxias;Inhamum Protection Area;-4.861944;-43.363333
131;;BR;Pará;Belém;Mocambo;1.440694;-48.41125
132;;BR;Pará;Belém;Mocambo;1.440694;-48.41125
133;;BR;Pará;Belém;Mocambo;1.440694;-48.41125
134;;BR;Pará;Belém;Mocambo;1.440694;-48.41125
135;SOUTH_AMERICA;BR;Pará;Marapanim;Praia de Marudá;;
136;SOUTH_AMERICA;BR;Pará;Curuçá;Curuça;;
137;SOUTH_AMERICA;BR;Maranhão;Rosário;Rosário;-2.853972;-44.153167
138;SOUTH_AMERICA;BR;Pará;Maracanã;Ilha de Algodoal;;
139;;BR;Pará;Belém;Mocambo;1.440694;-48.41125
140;;BR;Pará;Belém;Mocambo;1.440694;-48.41125
141;;BR;Pará;Belém;Mocambo;1.440694;-48.41125
142;;BR;Pará;Belém;Mocambo;1.440694;-48.41125
143;;BR;Pará;Belém;Mocambo;1.440694;-48.41125
144;SOUTH_AMERICA;BR;Maranhão;Caxias;Santa Tereza Village;-4.891111;-43.425833
145;;;;;;;
146;SOUTH_AMERICA;BR;Maranhão;Itinga do Maranhão;Assentamento Horizonte Azul;-4.0428;-46.906058
147;;BR;Pará;Belém;Mocambo;1.440694;-48.41125
148;;BR;Pará;Belém;Mocambo;1.440694;-48.41125
149;;BR;Pará;Belém;Mocambo;1.440694;-48.41125
150;SOUTH_AMERICA;BR;Maranhão;Itinga do Maranhão;Reserva Biológica Gurupi;-4.0428;-46.906058
151;SOUTH_AMERICA;BR;Pará;Maracanã;Ilha de Algodoal;;
152;;BR;Pará;Belém;Mocambo;1.440694;-48.41125
153;SOUTH_AMERICA;BR;Maranhão;São Luís;Fazenda Escola;-4.587222;-44.208611
154;SOUTH_AMERICA;BR;Maranhão;São Luís;Fazenda Escola;-4.587222;-44.208611
155;SOUTH_AMERICA;BR;Pará;Marapanim;Praia de Marudá;;
156;SOUTH_AMERICA;BR;Maranhão;Caxias;Maranhão Federal Institute;-4.827778;-43.3425
157;SOUTH_AMERICA;BR;Pará;Bragança;Península Bragantina;;
158;SOUTH_AMERICA;BR;Pará;Bragança;Ilha de Canela;;
159;;BR;Pará;Belém;Mocambo;1.440694;-48.41125
160;SOUTH_AMERICA;BR;Maranhão;Bom Jesus;Rio dos Bois;-4.038889;-46.932778
161;SOUTH_AMERICA;BR;Maranhão;Caxias;Maranhão Federal Institute;-4.821667;-43.342222
162;;BR;Pará;Belém;Mocambo;1.440694;-48.41125
163;;BR;Pará;Belém;Mocambo;1.440694;-48.41125
164;;BR;Pará;Belém;Mocambo;1.440694;-48.41125
165;SOUTH_AMERICA;BR;Maranhão;Alcântara;Marudá;-3.686322;-46.765706
166;SOUTH_AMERICA;BR;Pará;Marapanim;Praia de Marudá;;
167;;BR;Pará;Belém;Mocambo;1.440694;-48.41125
168;SOUTH_AMERICA;BR;Pará;Marapanim;Praia de Marudá;;
169;SOUTH_AMERICA;BR;Maranhão;Caxias;Santa Tereza Village;-4.891111;-43.425833
170;SOUTH_AMERICA;BR;Pará;Marapanim;Praia de Marudá;;
171;;BR;Pará;Belém;Mocambo;1.440694;-48.41125
172;;BR;Pará;Belém;Mocambo;1.440694;-48.41125
173;;BR;Pará;;Plataforma Continental do Amazonas;1.286333;-47.858333
174;SOUTH_AMERICA;BR;Maranhão;São Luís;Fazenda Escola;-4.587222;-44.208611
175;SOUTH_AMERICA;BR;Pará;Marapanim;Praia de Marudá;;
176;;BR;Pará;Belém;Mocambo;1.440694;-48.41125
177;;BR;Pará;Belém;Mocambo;1.440694;-48.41125
178;SOUTH_AMERICA;BR;Pará;Itaituba;Sede da Caramuru Alimentos S.A.;;
179;SOUTH_AMERICA;BR;Maranhão;Caxias;Santa Tereza Village;-4.899722;-43.470833
180;SOUTH_AMERICA;BR;Maranhão;Caxias;Santa Tereza Village;-4.891111;-43.425833
181;;BR;Pará;Belém;Mocambo;1.440694;-48.41125
182;SOUTH_AMERICA;BR;Maranhão;Caxias;Santa Tereza Village;-4.891111;-43.425833
183;SOUTH_AMERICA;BR;Maranhão;São Luís;Fazenda Escola;-4.587222;-44.208611
184;SOUTH_AMERICA;BR;Pará;Maracanã;Ilha de Algodoal;;
185;;BR;Pará;Belém;Mocambo;1.440694;-48.41125
186;SOUTH_AMERICA;BR;Pará;Maracanã;Ilha de Algodoal;;
187;SOUTH_AMERICA;BR;Pará;Itaituba;Sede da Caramuru Alimentos S.A.;;
188;SOUTH_AMERICA;BR;Pará;Bragança;Praia de Ajuruteua;;
189;;BR;Pará;Belém;Mocambo;1.440694;-48.41125
190;;BR;Pará;Belém;Mocambo;1.440694;-48.41125
191;;BR;Pará;Belém;Mocambo;1.440694;-48.41125
192;;BR;Pará;Belém;Mocambo;1.440694;-48.41125
193;;BR;Pará;Belém;Mocambo;1.440694;-48.41125
194;SOUTH_AMERICA;BR;Maranhão;São Luís;Fazenda Escola;-4.587222;-44.208611
195;;BR;Pará;Belém;Mocambo;1.440694;-48.41125
196;;BR;Pará;Belém;Mocambo;1.440694;-48.41125
197;SOUTH_AMERICA;BR;Paraná;Pontal do Paraná;Praia do Miguel. Ilha do Mel;;
198;SOUTH_AMERICA;BR;Pará;Maracanã;Ilha de Algodoal;;
199;SOUTH_AMERICA;BR;Pará;Bragança;Península Bragantina;;
200;SOUTH_AMERICA;BR;Maranhão;Caxias;Maranhão Federal Institute;-4.904167;-43.472222
201;SOUTH_AMERICA;BR;Maranhão;Itinga do Maranhão;Reserva Biológica Gurupi;-4.0428;-46.906058
202;;BR;Pará;Belém;Mocambo;1.440694;-48.41125
203;SOUTH_AMERICA;BR;Maranhão;Caxias;Santa Tereza Village;-4.899722;-43.470833
204;SOUTH_AMERICA;BR;Pará;Bragança;Ilha de Canela;;
205;SOUTH_AMERICA;BR;Maranhão;Itinga do Maranhão;Assentamento Horizonte Azul;-4.0428;-46.906058
206;SOUTH_AMERICA;BR;Pará;Bragança;Ilha de Canela;;
207;;BR;Pará;Belém;Mocambo;1.440694;-48.41125
208;SOUTH_AMERICA;BR;Maranhão;Caxias;Inhamum Protection Area;-4.891111;-43.425556
209;SOUTH_AMERICA;BR;Maranhão;Alcântara;Marudá;-3.686322;-46.765706
210;SOUTH_AMERICA;BR;Pará;Marapanim;Praia de Marudá;;
211;;BR;Pará;Belém;Mocambo;1.440694;-48.41125
212;SOUTH_AMERICA;BR;Pará;Bragança;Praia de Ajuruteua;;
213;SOUTH_AMERICA;BR;Pará;Bragança;Ilha de Canela;;
214;;BR;Pará;Belém;Mocambo;1.440694;-48.41125
215;;BR;Pará;Belém;Mocambo;1.440694;-48.41125
216;;BR;Pará;Belém;Mocambo;1.440694;-48.41125
217;SOUTH_AMERICA;BR;Maranhão;Itinga do Maranhão;Reserva Biológica Gurupi;-4.0428;-46.906058
218;;BR;Pará;Belém;Mocambo;1.440694;-48.41125
219;SOUTH_AMERICA;BR;Maranhão;Itinga do Maranhão;Reserva Biológica Gurupi;-4.0428;-46.906058
220;SOUTH_AMERICA;BR;Maranhão;Caxias;Inhamum Protection Area;-4.887222;-43.425278
221;SOUTH_AMERICA;BR;Maranhão;São Luís;Fazenda Escola;-4.587222;-44.208611
222;;BR;Pará;Belém;Mocambo;1.440694;-48.41125
223;SOUTH_AMERICA;BR;Pará;Maracanã;Ilha de Algodoal;;
224;SOUTH_AMERICA;BR;Pará;Maracanã;Ilha de Algodoal;;
225;SOUTH_AMERICA;BR;Maranhão;Itinga do Maranhão;Reserva Biológica Gurupi;-4.0428;-46.906058
226;SOUTH_AMERICA;BR;Maranhão;São Luís;Fazenda Escola;-4.587222;-44.208611
227;;BR;Pará;Belém;Mocambo;1.440694;-48.41125
228;SOUTH_AMERICA;BR;Pará;Maracanã;Ilha de Algodoal;;
229;SOUTH_AMERICA;BR;Maranhão;Itinga do Maranhão;Reserva Biológica Gurupi;-4.0428;-46.906058
230;SOUTH_AMERICA;BR;Maranhão;Caxias;Inhamum Protection Area;-4.887222;-43.425278
231;SOUTH_AMERICA;BR;Maranhão;Itinga do Maranhão;Assentamento Horizonte Azul;-4.0428;-46.906058
232;SOUTH_AMERICA;BR;Maranhão;Alcântara;Marudá;-3.686322;-46.765706
233;SOUTH_AMERICA;BR;Pará;Curuçá;Curuça;;
234;SOUTH_AMERICA;BR;Pará;Curuçá;Curuça;;
235;SOUTH_AMERICA;BR;Maranhão;Bom Jesus;Rio dos Bois;-4.038889;-46.932778
236;SOUTH_AMERICA;BR;Maranhão;Itinga do Maranhão;Reserva Biológica Gurupi;-4.0428;-46.906058
237;SOUTH_AMERICA;BR;Pará;Bragança;Ilha de Canela;;
238;;BR;Pará;Belém;Mocambo;1.440694;-48.41125
239;SOUTH_AMERICA;BR;Pará;Marapanim;Praia de Marudá;;
240;;BR;Pará;Belém;Mocambo;1.440694;-48.41125
241;;BR;Pará;Belém;Mocambo;1.440694;-48.41125
242;;BR;Pará;Belém;Mocambo;1.440694;-48.41125
243;SOUTH_AMERICA;BR;Pará;Curuçá;Curuça;;
244;;BR;Pará;Belém;Mocambo;1.440694;-48.41125
245;;BR;Pará;Belém;Mocambo;1.440694;-48.41125
246;SOUTH_AMERICA;BR;Pará;Marapanim;Praia de Marudá;;
247;;BR;Pará;Belém;Mocambo;1.440694;-48.41125
248;SOUTH_AMERICA;BR;Maranhão;São Luís;Fazenda Escola;-4.587222;-44.208611
249;;BR;Pará;Belém;Mocambo;1.440694;-48.41125
250;SOUTH_AMERICA;BR;Pará;Bragança;Península Bragantina;;
251;;BR;Pará;Belém;Mocambo;1.440694;-48.41125
252;SOUTH_AMERICA;BR;Maranhão;Caxias;Maranhão Federal Institute;-4.904167;-43.472222
253;SOUTH_AMERICA;BR;Maranhão;Caxias;Santa Tereza Village;-4.891111;-43.425833
254;;BR;Pará;Belém;Mocambo;1.440694;-48.41125
255;SOUTH_AMERICA;BR;Maranhão;São Luís;Fazenda Escola;-4.587222;-44.208611
256;SOUTH_AMERICA;BR;Pará;Marapanim;Praia de Marudá;;
257;SOUTH_AMERICA;BR;Pará;Bragança;Ilha de Canela;;
258;;BR;Pará;Belém;Mocambo;1.440694;-48.41125
259;;BR;Pará;Belém;Mocambo;1.440694;-48.41125
260;;BR;Pará;Belém;Mocambo;1.440694;-48.41125
261;SOUTH_AMERICA;BR;Pará;Bragança;Ilha de Canela;;
262;SOUTH_AMERICA;BR;Pará;Salinópolis;Praia de Salinas;;
263;SOUTH_AMERICA;BR;Maranhão;São Luís;Fazenda Escola;-4.587222;-44.208611
264;SOUTH_AMERICA;BR;Pará;Marapanim;Praia de Marudá;;
265;SOUTH_AMERICA;BR;Maranhão;Caxias;Santa Tereza Village;-4.899722;-43.470833
266;;BR;Pará;Belém;Mocambo;1.440694;-48.41125
267;SOUTH_AMERICA;BR;Pará;Maracanã;Ilha de Algodoal;;
268;;BR;Pará;Belém;Mocambo;1.440694;-48.41125
269;SOUTH_AMERICA;BR;Maranhão;São Luís;Fazenda Escola;-4.587222;-44.208611
270;SOUTH_AMERICA;BR;Maranhão;Alcântara;Marudá;-3.686322;-46.765706
271;SOUTH_AMERICA;BR;Pará;Bragança;Furo Grande;;
272;SOUTH_AMERICA;BR;Maranhão;São Luís;Fazenda Escola;-4.587222;-44.208611
273;;BR;Pará;Belém;Mocambo;1.440694;-48.41125
274;;BR;Pará;Belém;Mocambo;1.440694;-48.41125
275;SOUTH_AMERICA;BR;Pará;Maracanã;Ilha de Algodoal;;
276;;BR;Pará;Belém;Mocambo;1.440694;-48.41125
277;SOUTH_AMERICA;BR;Maranhão;Caxias;Santa Tereza Village;-4.891111;-43.425833
278;SOUTH_AMERICA;BR;Pará;Bragança;Ilha de Canela;;
279;;BR;Pará;Belém;Mocambo;1.440694;-48.41125
280;;BR;Pará;Belém;Mocambo;1.440694;-48.41125
281;;BR;Pará;Belém;Mocambo;1.440694;-48.41125
282;SOUTH_AMERICA;BR;Pará;Bragança;Ilha de Canela;;
283;;BR;Pará;Belém;Mocambo;1.440694;-48.41125
284;;BR;Pará;Belém;Mocambo;1.440694;-48.41125
285;SOUTH_AMERICA;BR;Maranhão;Caxias;Santa Tereza Village;-4.891111;-43.425833
286;SOUTH_AMERICA;BR;Pará;Bragança;Ilha de Canela;;
287;SOUTH_AMERICA;BR;Maranhão;Tomé-Açu;Tomé-Açu;-2.394167;-48.164444
288;SOUTH_AMERICA;BR;Pará;Bragança;Península Bragantina;;
289;;BR;Pará;Belém;Mocambo;1.440694;-48.41125
290;;BR;Pará;Belém;Mocambo;1.440694;-48.41125
291;SOUTH_AMERICA;BR;Pará;Marapanim;Praia de Marudá;;
292;;BR;Pará;Belém;Mocambo;1.440694;-48.41125
293;SOUTH_AMERICA;BR;Maranhão;São José de Ribamar;Sitio Aguahy;-2.650528;-44.147056
294;SOUTH_AMERICA;BR;Pará;Marapanim;Praia de Marudá;;
295;SOUTH_AMERICA;BR;Pará;Marapanim;Praia de Marudá;;
296;SOUTH_AMERICA;BR;Maranhão;Bom Jesus;Rio dos Bois;-4.038889;-46.932778
297;SOUTH_AMERICA;BR;Maranhão;Caxias;Santa Tereza Village;-4.899722;-43.470833
298;SOUTH_AMERICA;BR;Pará;Bragança;Furo Grande;;
299;;BR;Pará;Belém;Mocambo;1.440694;-48.41125
300;;BR;Pará;Belém;Mocambo;1.440694;-48.41125
301;;BR;Pará;;Plataforma Continental do Amazonas;3.788933;-49.731833
302;;BR;Pará;Belém;Mocambo;1.440694;-48.41125
303;SOUTH_AMERICA;BR;Maranhão;Caxias;Santa Tereza Village;-4.899722;-43.470833
304;SOUTH_AMERICA;BR;Maranhão;São Luís;Fazenda Escola;-4.587222;-44.208611
305;;BR;Pará;Belém;Mocambo;1.440694;-48.41125
306;;BR;Pará;Belém;Mocambo;1.440694;-48.41125
307;;BR;Pará;Belém;Mocambo;1.440694;-48.41125
308;SOUTH_AMERICA;BR;Pará;Maracanã;Ilha de Algodoal;;
309;;BR;Pará;Belém;Mocambo;1.440694;-48.41125
310;SOUTH_AMERICA;BR;Maranhão;Itinga do Maranhão;Reserva Biológica Gurupi;-4.0428;-46.906058
311;;BR;Pará;;Plataforma Continental do Amazonas;1.2766;-47.875
312;;BR;Pará;Belém;Mocambo;1.440694;-48.41125
313;SOUTH_AMERICA;BR;Maranhão;Bom Jesus;Rio dos Bois;-4.038889;-46.932778
314;SOUTH_AMERICA;BR;Pará;Bragança;Ilha de Canela;;
315;SOUTH_AMERICA;BR;Maranhão;São Luís;Fazenda Escola;-4.587222;-44.208611
316;SOUTH_AMERICA;BR;Maranhão;Alcântara;Rio Grande;-2.42375;-44.425444
317;SOUTH_AMERICA;BR;Maranhão;São Luís;Fazenda Escola;-4.587222;-44.208611
318;SOUTH_AMERICA;BR;Pará;Bragança;Ilha de Canela;;
319;SOUTH_AMERICA;BR;Pará;Bragança;Ilha de Canela;;
320;SOUTH_AMERICA;BR;Maranhão;Alcântara;Marudá;-3.686322;-46.765706
321;SOUTH_AMERICA;BR;Maranhão;Caxias;Santa Tereza Village;-4.891111;-43.425833
322;;BR;Pará;Belém;Mocambo;1.440694;-48.41125
323;SOUTH_AMERICA;BR;Maranhão;Caxias;Santa Tereza Village;-4.899722;-43.470833
324;SOUTH_AMERICA;BR;Maranhão;São José de Ribamar;Sitio Aguahy;-2.650528;-44.147056
325;;BR;Pará;Belém;Mocambo;1.440694;-48.41125
326;SOUTH_AMERICA;BR;Maranhão;São José de Ribamar;Sitio Aguahy;-2.650528;-44.147056
327;SOUTH_AMERICA;BR;Maranhão;Itinga do Maranhão;Assentamento Horizonte Azul;-4.0428;-46.906058
328;;BR;Pará;Belém;Mocambo;1.440694;-48.41125
329;;BR;Pará;Belém;Mocambo;1.440694;-48.41125
330;SOUTH_AMERICA;BR;Maranhão;Bom Jesus;Rio dos Bois;-4.038889;-46.932778
331;SOUTH_AMERICA;BR;Maranhão;Itinga do Maranhão;Assentamento Horizonte Azul;-4.0428;-46.906058
332;SOUTH_AMERICA;BR;Maranhão;São José de Ribamar;Sitio Aguahy;-2.650528;-44.147056
333;SOUTH_AMERICA;BR;Pará;Vera Cruz;Bacia Tocantins-Araguaia;-4.844456;-49.404489
334;SOUTH_AMERICA;BR;Pará;Baião;Bacia Tocantins-Araguaia;-3.758347;-49.66135
335;SOUTH_AMERICA;BR;Pará;Itupiranga;Bacia Tocantins-Araguaia;-5.072692;-49.321008
336;SOUTH_AMERICA;BR;Pará;Itupiranga;Bacia Tocantins-Araguaia;-5.299603;-49.236994
337;SOUTH_AMERICA;BR;Pará;São João de Pirabas;Ilha Fortaleza;;
338;SOUTH_AMERICA;BR;Pará;Baião;Bacia Tocantins-Araguaia;-3.360847;-49.634375
339;SOUTH_AMERICA;BR;Pará;Marabá;Bacia Tocantins-Araguaia;-5.337433;-49.206506
340;SOUTH_AMERICA;BR;Pará;Baião;Bacia Tocantins-Araguaia;-2.852308;-49.682344
341;SOUTH_AMERICA;BR;Pará;Baião;Bacia Tocantins-Araguaia;-3.031311;-49.647814
342;SOUTH_AMERICA;BR;Pará;Baião;Bacia Tocantins-Araguaia;-3.260328;-49.650494
343;SOUTH_AMERICA;BR;Pará;Conceição do Araguaia;Bacia do do rio Araguaia (Tocantins-Araguaia);-7.932194;-49.330528
344;SOUTH_AMERICA;BR;Pará;Baião;Bacia Tocantins-Araguaia;-3.106706;-49.658372
345;SOUTH_AMERICA;BR;Pará;Baião;Bacia Tocantins-Araguaia;-3.260328;-49.650494
346;SOUTH_AMERICA;BR;Pará;Baião;Bacia Tocantins-Araguaia;-3.397125;-49.606553
347;SOUTH_AMERICA;BR;Pará;Itupiranga;Bacia Tocantins-Araguaia;-5.200178;-49.299075
348;SOUTH_AMERICA;BR;Pará;Baião;Bacia Tocantins-Araguaia;-2.6816;-49.673692
349;SOUTH_AMERICA;BR;Pará;Baião;Bacia Tocantins-Araguaia;-2.933386;-49.657156
350;SOUTH_AMERICA;BR;Pará;Vitória do Xingú;Vitória do Xingú;;
351;SOUTH_AMERICA;BR;Pará;Tucuruí;Bacia Tocantins-Araguaia;-5.034233;-49.333678
352;SOUTH_AMERICA;BR;Pará;Vila Nova do Pará;Bacia Tocantins-Araguaia;-3.106706;-49.658372
353;SOUTH_AMERICA;BR;Pará;Marabá;Bacia Tocantins-Araguaia;-5.299603;-49.236994
354;SOUTH_AMERICA;BR;Pará;Baião;Bacia Tocantins-Araguaia;-5.337433;-49.206506
355;SOUTH_AMERICA;BR;Pará;Tucuruí;Bacia Tocantins-Araguaia;-3.521753;-49.599589
356;SOUTH_AMERICA;BR;Pará;Itupiranga;Bacia Tocantins-Araguaia;-5.072692;-49.321008
357;SOUTH_AMERICA;BR;Pará;Tucuruí;Bacia Tocantins-Araguaia;-4.844456;-49.404489
358;SOUTH_AMERICA;BR;Pará;Breu Branco;Bacia Tocantins-Araguaia;-3.478192;-49.603642
359;SOUTH_AMERICA;BR;Pará;Baião;Bacia Tocantins-Araguaia;-3.031311;-49.647814
360;SOUTH_AMERICA;BR;Pará;Jacundá;Bacia Tocantins-Araguaia;-4.712928;-49.432431
361;SOUTH_AMERICA;BR;Pará;Baião;Bacia Tocantins-Araguaia;-3.354336;-49.641586
362;SOUTH_AMERICA;BR;Pará;Baião;Bacia Tocantins-Araguaia;-3.397125;-49.606553
363;SOUTH_AMERICA;BR;Pará;Baião;Bacia Tocantins-Araguaia;-2.734381;-49.683808
364;SOUTH_AMERICA;BR;Pará;Belém;Mocambo;-1.440694;-48.41125
365;SOUTH_AMERICA;BR;Pará;Marabá;Bacia Tocantins-Araguaia;-5.337433;-49.206506
366;SOUTH_AMERICA;BR;Pará;Baião;Bacia Tocantins-Araguaia;-2.775358;-49.681561
367;SOUTH_AMERICA;BR;Pará;Baião;Bacia Tocantins-Araguaia;-2.852308;-49.682344
368;SOUTH_AMERICA;BR;Pará;Vila Nova do Pará;Bacia Tocantins-Araguaia;-5.034233;-49.333678
369;SOUTH_AMERICA;BR;Pará;Tucuruí;Bacia Tocantins-Araguaia;-3.770853;-49.657769
370;SOUTH_AMERICA;BR;Pará;Cajazeiras;Bacia Tocantins-Araguaia;-4.945464;-49.347533
371;SOUTH_AMERICA;BR;Pará;Marabá;Bacia Tocantins-Araguaia;-5.327128;-49.117889
372;SOUTH_AMERICA;BR;Pará;Tucuruí;Bacia Tocantins-Araguaia;-3.758347;-49.66135
373;SOUTH_AMERICA;BR;Pará;Belém;Mocambo;-1.440694;-48.41125
374;SOUTH_AMERICA;BR;Pará;Marabá;Bacia Tocantins-Araguaia;-5.299603;-49.236994
375;SOUTH_AMERICA;BR;Pará;;Conceição do Araguaia;-7.978139;-49.510889
376;SOUTH_AMERICA;BR;Pará;Baião;Bacia Tocantins-Araguaia;-2.704986;-49.666111
377;SOUTH_AMERICA;BR;Pará;Baião;Bacia Tocantins-Araguaia;-2.734381;-49.683808
378;SOUTH_AMERICA;BR;Pará;Belém;Mocambo;-1.440694;-48.41125
379;SOUTH_AMERICA;BR;Pará;Itupiranga;Bacia Tocantins-Araguaia;-5.128361;-49.317953
380;SOUTH_AMERICA;BR;Pará;Breu Branco;Bacia Tocantins-Araguaia;-3.478192;-49.603642
381;SOUTH_AMERICA;BR;Pará;Marabá;Bacia Tocantins-Araguaia;-5.255681;-49.262533
382;SOUTH_AMERICA;BR;Pará;Itupiranga;Bacia Tocantins-Araguaia;-5.128361;-49.317953
383;SOUTH_AMERICA;BR;Pará;Baião;Bacia Tocantins-Araguaia;-3.275222;-49.648986
384;SOUTH_AMERICA;BR;Pará;Belém;Mocambo;-1.440694;-48.41125
385;SOUTH_AMERICA;BR;Pará;Marabá;Bacia Tocantins-Araguaia;-2.704986;-49.666111
386;SOUTH_AMERICA;BR;Pará;Belém;Mocambo;-1.440694;-48.41125
387;SOUTH_AMERICA;BR;Pará;Breu Branco;Bacia Tocantins-Araguaia;-3.507675;-49.594894
388;SOUTH_AMERICA;BR;Pará;Itupiranga;Bacia Tocantins-Araguaia;-5.200178;-49.299075
389;SOUTH_AMERICA;BR;Pará;Tucuruí;Bacia Tocantins-Araguaia;-3.758347;-49.66135
390;SOUTH_AMERICA;BR;Pará;Belém;Mocambo;-1.440694;-48.41125
391;SOUTH_AMERICA;BR;Pará;Belém;Mocambo;-1.440694;-48.41125
392;SOUTH_AMERICA;BR;Pará;Belém;Mocambo;-1.440694;-48.41125
393;SOUTH_AMERICA;BR;Pará;Belém;Mocambo;-1.440694;-48.41125
394;SOUTH_AMERICA;BR;Pará;Belém;Mocambo;-1.440694;-48.41125
395;SOUTH_AMERICA;BR;Pará;Belém;Mocambo;-1.440694;-48.41125
396;SOUTH_AMERICA;BR;Pará;Baião;Bacia Tocantins-Araguaia;-3.360847;-49.634375
397;SOUTH_AMERICA;BR;Pará;Vera Cruz;Bacia Tocantins-Araguaia;-4.712928;-49.432431
398;SOUTH_AMERICA;BR;Pará;Baião;Bacia Tocantins-Araguaia;-3.335619;-49.648042
399;SOUTH_AMERICA;BR;Pará;Vera Cruz;Bacia Tocantins-Araguaia;-5.128361;-49.317953
400;SOUTH_AMERICA;BR;Pará;Belém;Mocambo;-1.440694;-48.41125
401;SOUTH_AMERICA;BR;Pará;Cajazeiras;Bacia Tocantins-Araguaia;-4.844456;-49.404489
402;SOUTH_AMERICA;BR;Pará;Belém;Mocambo;-1.440694;-48.41125
403;SOUTH_AMERICA;BR;Pará;Baião;Bacia Tocantins-Araguaia;-2.983392;-49.649481
404;SOUTH_AMERICA;BR;Pará;Baião;Bacia Tocantins-Araguaia;-3.335619;-49.648042
405;SOUTH_AMERICA;BR;Pará;Cajazeiras;Bacia Tocantins-Araguaia;-4.896958;-49.409244
406;SOUTH_AMERICA;BR;Pará;Belém;Mocambo;-1.440694;-48.41125
407;SOUTH_AMERICA;BR;Pará;Baião;Bacia Tocantins-Araguaia;-2.734381;-49.683808
408;SOUTH_AMERICA;BR;Pará;Belém;Mocambo;-1.440694;-48.41125
409;SOUTH_AMERICA;BR;Pará;Itupiranga;Bacia Tocantins-Araguaia;-5.128361;-49.317953
410;SOUTH_AMERICA;BR;Pará;Belém;Mocambo;-1.440694;-48.41125
411;SOUTH_AMERICA;BR;Pará;Belém;Mocambo;-1.440694;-48.41125
412;SOUTH_AMERICA;BR;Pará;Belém;Mocambo;-1.440694;-48.41125
413;SOUTH_AMERICA;BR;Pará;Itupiranga;Bacia Tocantins-Araguaia;-5.173983;-49.314589
414;SOUTH_AMERICA;BR;Pará;Belém;Mocambo;-1.440694;-48.41125
415;SOUTH_AMERICA;BR;Pará;Belém;Mocambo;-1.440694;-48.41125
416;SOUTH_AMERICA;BR;Pará;Belém;Mocambo;-1.440694;-48.41125
417;SOUTH_AMERICA;BR;Pará;Belém;Mocambo;-1.440694;-48.41125
418;SOUTH_AMERICA;BR;Pará;Baião;Bacia Tocantins-Araguaia;-2.775358;-49.681561
419;SOUTH_AMERICA;BR;Pará;Marabá;Bacia Tocantins-Araguaia;-5.255681;-49.262533
420;SOUTH_AMERICA;BR;Pará;Tucuruí;Bacia Tocantins-Araguaia;-3.553858;-49.610331
421;SOUTH_AMERICA;BR;Pará;Marabá;Bacia Tocantins-Araguaia;-5.337433;-49.206506
422;SOUTH_AMERICA;BR;Pará;Belém;Mocambo;-1.440694;-48.41125
423;SOUTH_AMERICA;BR;Pará;Vera Cruz;Bacia Tocantins-Araguaia;-4.896958;-49.409244
424;SOUTH_AMERICA;BR;Pará;Belém;Mocambo;-1.440694;-48.41125
425;SOUTH_AMERICA;BR;Pará;Belém;Mocambo;-1.440694;-48.41125
426;SOUTH_AMERICA;BR;Pará;Belém;Mocambo;-1.440694;-48.41125
427;SOUTH_AMERICA;BR;Pará;Marabá;Bacia Tocantins-Araguaia;-5.337433;-49.206506
428;SOUTH_AMERICA;BR;Pará;Belém;Mocambo;-1.440694;-48.41125
429;SOUTH_AMERICA;BR;Pará;Baião;Bacia Tocantins-Araguaia;-3.106706;-49.658372
430;SOUTH_AMERICA;BR;Pará;Belém;Mocambo;-1.440694;-48.41125
431;SOUTH_AMERICA;BR;Pará;Belém;Mocambo;-1.440694;-48.41125
432;SOUTH_AMERICA;BR;Pará;Belém;Mocambo;-1.440694;-48.41125
433;SOUTH_AMERICA;BR;Pará;Belém;Mocambo;-1.440694;-48.41125
434;SOUTH_AMERICA;BR;Pará;Belém;Mocambo;-1.440694;-48.41125
435;SOUTH_AMERICA;BR;Pará;Belém;Mocambo;-1.440694;-48.41125
436;SOUTH_AMERICA;BR;Pará;Belém;Mocambo;-1.440694;-48.41125
437;SOUTH_AMERICA;BR;Pará;Belém;Mocambo;-1.440694;-48.41125
438;SOUTH_AMERICA;BR;Pará;Belém;Mocambo;-1.440694;-48.41125
439;SOUTH_AMERICA;BR;Pará;Belém;Mocambo;-1.440694;-48.41125
440;SOUTH_AMERICA;BR;Pará;Belém;Mocambo;-1.440694;-48.41125
441;SOUTH_AMERICA;BR;Pará;Belém;Mocambo;-1.440694;-48.41125
442;SOUTH_AMERICA;BR;Pará;Belém;Mocambo;-1.440694;-48.41125
443;SOUTH_AMERICA;BR;Pará;Belém;Mocambo;-1.440694;-48.41125
444;SOUTH_AMERICA;BR;Pará;Tucuruí;Bacia Tocantins-Araguaia;-3.649508;-49.661075
445;SOUTH_AMERICA;BR;Pará;Marabá;Bacia Tocantins-Araguaia;-5.327128;-49.117889
446;SOUTH_AMERICA;BR;Pará;Belém;Mocambo;-1.440694;-48.41125
447;SOUTH_AMERICA;BR;Pará;Belém;Mocambo;-1.440694;-48.41125
448;SOUTH_AMERICA;BR;Pará;Baião;Bacia Tocantins-Araguaia;-2.6816;-49.673692
449;SOUTH_AMERICA;BR;Pará;Belém;Mocambo;-1.440694;-48.41125
450;SOUTH_AMERICA;BR;Pará;Marabá;Bacia Tocantins-Araguaia;-5.327128;-49.117889
451;SOUTH_AMERICA;BR;Pará;Belém;Mocambo;-1.440694;-48.41125
452;SOUTH_AMERICA;BR;Pará;Belém;Mocambo;-1.440694;-48.41125
453;SOUTH_AMERICA;BR;Pará;Belém;Mocambo;-1.440694;-48.41125
454;SOUTH_AMERICA;BR;Pará;Belém;Mocambo;-1.440694;-48.41125
455;SOUTH_AMERICA;BR;Pará;Belém;Mocambo;-1.440694;-48.41125
456;SOUTH_AMERICA;BR;Pará;Belém;Mocambo;-1.440694;-48.41125
457;SOUTH_AMERICA;BR;Pará;Belém;Mocambo;-1.440694;-48.41125
458;SOUTH_AMERICA;BR;Pará;Belém;Mocambo;-1.440694;-48.41125
459;SOUTH_AMERICA;BR;Pará;Belém;Mocambo;-1.440694;-48.41125
460;SOUTH_AMERICA;BR;Pará;Belém;Mocambo;-1.440694;-48.41125
461;SOUTH_AMERICA;BR;Pará;Belém;Mocambo;-1.440694;-48.41125
462;SOUTH_AMERICA;BR;Pará;Belém;Mocambo;-1.440694;-48.41125
463;SOUTH_AMERICA;BR;Pará;Belém;Mocambo;-1.440694;-48.41125
464;SOUTH_AMERICA;BR;Pará;Belém;Mocambo;-1.440694;-48.41125
465;SOUTH_AMERICA;BR;Pará;Belém;Mocambo;-1.440694;-48.41125
466;SOUTH_AMERICA;BR;Pará;Belém;Mocambo;-1.440694;-48.41125
467;SOUTH_AMERICA;BR;Pará;Belém;Mocambo;-1.440694;-48.41125
468;SOUTH_AMERICA;BR;Pará;Belém;Mocambo;-1.440694;-48.41125
469;SOUTH_AMERICA;BR;Pará;Belém;Mocambo;-1.440694;-48.41125
470;SOUTH_AMERICA;BR;Pará;Belém;Mocambo;-1.440694;-48.41125
471;SOUTH_AMERICA;BR;Pará;Belém;Mocambo;-1.440694;-48.41125
472;SOUTH_AMERICA;BR;Pará;Belém;Mocambo;-1.440694;-48.41125
473;SOUTH_AMERICA;BR;Pará;Belém;Mocambo;-1.440694;-48.41125
474;SOUTH_AMERICA;BR;Pará;Belém;Mocambo;-1.440694;-48.41125
475;SOUTH_AMERICA;BR;Pará;Belém;Mocambo;-1.440694;-48.41125
476;SOUTH_AMERICA;BR;Pará;Belém;Mocambo;-1.440694;-48.41125
477;SOUTH_AMERICA;BR;Pará;Belém;Mocambo;-1.440694;-48.41125
478;SOUTH_AMERICA;BR;Pará;Belém;Mocambo;-1.440694;-48.41125
479;SOUTH_AMERICA;BR;Pará;Belém;Mocambo;-1.440694;-48.41125
480;SOUTH_AMERICA;BR;Pará;Belém;Mocambo;-1.440694;-48.41125
481;SOUTH_AMERICA;BR;Pará;Belém;Mocambo;-1.440694;-48.41125
482;SOUTH_AMERICA;BR;Pará;Belém;Mocambo;-1.440694;-48.41125
483;SOUTH_AMERICA;BR;Pará;Belém;Mocambo;-1.440694;-48.41125
484;SOUTH_AMERICA;BR;Pará;Belém;Mocambo;-1.440694;-48.41125
485;SOUTH_AMERICA;BR;Pará;Belém;Mocambo;-1.440694;-48.41125
486;SOUTH_AMERICA;BR;Pará;Marabá;Bacia Tocantins-Araguaia;-5.351544;-49.1535
487;SOUTH_AMERICA;BR;Pará;Belém;Mocambo;-1.440694;-48.41125
488;SOUTH_AMERICA;BR;Pará;Belém;Mocambo;-1.440694;-48.41125
489;SOUTH_AMERICA;BR;Pará;Belém;Mocambo;-1.440694;-48.41125
490;SOUTH_AMERICA;BR;Pará;Belém;Mocambo;-1.440694;-48.41125
491;SOUTH_AMERICA;BR;Pará;Belém;Mocambo;-1.440694;-48.41125
492;SOUTH_AMERICA;BR;Pará;Belém;Mocambo;-1.440694;-48.41125
493;SOUTH_AMERICA;BR;Pará;Belém;Mocambo;-1.440694;-48.41125
494;SOUTH_AMERICA;BR;Pará;Belém;Mocambo;-1.440694;-48.41125
495;SOUTH_AMERICA;BR;Pará;Belém;Mocambo;-1.440694;-48.41125
496;SOUTH_AMERICA;BR;Pará;Belém;Mocambo;-1.440694;-48.41125
497;SOUTH_AMERICA;BR;Pará;Belém;Mocambo;-1.440694;-48.41125
498;SOUTH_AMERICA;BR;Pará;Belém;Mocambo;-1.440694;-48.41125
499;SOUTH_AMERICA;BR;Pará;Belém;Mocambo;-1.440694;-48.41125
500;SOUTH_AMERICA;BR;Pará;Belém;Mocambo;-1.440694;-48.41125
501;SOUTH_AMERICA;BR;Pará;Belém;Mocambo;-1.440694;-48.41125
502;SOUTH_AMERICA;BR;Pará;Belém;Mocambo;-1.440694;-48.41125
503;SOUTH_AMERICA;BR;Pará;Belém;Mocambo;-1.440694;-48.41125
504;SOUTH_AMERICA;BR;Pará;Belém;Mocambo;-1.440694;-48.41125
505;SOUTH_AMERICA;BR;Pará;Belém;Mocambo;-1.440694;-48.41125
506;SOUTH_AMERICA;BR;Pará;Itaituba;Rio Tapajós;;
507;SOUTH_AMERICA;BR;Pará;Belém;Mocambo;-1.440694;-48.41125
508;SOUTH_AMERICA;BR;Pará;Belém;Mocambo;-1.440694;-48.41125
509;SOUTH_AMERICA;BR;Pará;Belém;Mocambo;-1.440694;-48.41125
510;SOUTH_AMERICA;BR;Pará;Belém;Mocambo;-1.440694;-48.41125
511;SOUTH_AMERICA;BR;Pará;Belém;Mocambo;-1.440694;-48.41125
512;SOUTH_AMERICA;BR;Pará;Belém;Mocambo;-1.440694;-48.41125
513;SOUTH_AMERICA;BR;Pará;Belém;Mocambo;-1.440694;-48.41125
514;SOUTH_AMERICA;BR;Pará;Belém;Mocambo;-1.440694;-48.41125
515;SOUTH_AMERICA;BR;Pará;Belém;Mocambo;-1.440694;-48.41125
516;SOUTH_AMERICA;BR;Pará;Belém;Mocambo;-1.440694;-48.41125
517;SOUTH_AMERICA;BR;Pará;Belém;Mocambo;-1.440694;-48.41125
518;SOUTH_AMERICA;BR;Pará;Belém;Mocambo;-1.440694;-48.41125
519;SOUTH_AMERICA;BR;Pará;Belém;Mocambo;-1.440694;-48.41125
520;SOUTH_AMERICA;BR;Pará;Belém;Mocambo;-1.440694;-48.41125
521;SOUTH_AMERICA;BR;Pará;Belém;Mocambo;-1.440694;-48.41125
522;SOUTH_AMERICA;BR;Pará;Belém;Mocambo;-1.440694;-48.41125
523;SOUTH_AMERICA;BR;Pará;Belém;Mocambo;-1.440694;-48.41125
524;SOUTH_AMERICA;BR;Pará;Itaituba;Rio Tapajós;;
525;SOUTH_AMERICA;BR;Pará;Belém;Mocambo;-1.440694;-48.41125
526;SOUTH_AMERICA;BR;Pará;Belém;Mocambo;-1.440694;-48.41125
527;SOUTH_AMERICA;BR;Pará;Belém;Mocambo;-1.440694;-48.41125
528;SOUTH_AMERICA;BR;Pará;Itaituba;Rio Tapajós;;
529;SOUTH_AMERICA;BR;Pará;Itaituba;Rio Tapajós;;
530;SOUTH_AMERICA;BR;Pará;Belém;Mocambo;-1.440694;-48.41125
531;SOUTH_AMERICA;BR;Pará;Itaituba;Rio Tapajós;;
532;SOUTH_AMERICA;BR;Pará;Belém;Mocambo;-1.440694;-48.41125
533;SOUTH_AMERICA;BR;Mato Grosso;;Chapada dos Guimarães;;
534;SOUTH_AMERICA;BR;Pará;Carajás;Serra dos Carajás;;
535;SOUTH_AMERICA;BR;Pará;Carajás;Serra dos Carajás;;
536;SOUTH_AMERICA;BR;Pará;Carajás;Serra dos Carajás;;
537;SOUTH_AMERICA;BR;Pará;Jacundá;2km sul de Jacundá;-4.755556;-49.188333
538;SOUTH_AMERICA;BR;Mato Grosso;;Chapada dos Guimarães;;
539;SOUTH_AMERICA;BR;Pará;Carajás;Serra dos Carajás;;
540;SOUTH_AMERICA;BR;Pará;Carajás;Serra dos Carajás;;
541;SOUTH_AMERICA;BR;Maranhão;Rosário;São Pedro;-2.851111;-44.147778
542;SOUTH_AMERICA;BR;Pará;;inderterminado;;
543;SOUTH_AMERICA;BR;Pará;;Canoal. 35 km sul de Tucuruí;;
544;SOUTH_AMERICA;BR;Mato Grosso;;Chapada dos Guimarães;;
545;SOUTH_AMERICA;BR;Pará;;Rio Tocantins;;
546;SOUTH_AMERICA;BR;Maranhão;Alcântara;Ilha de Livramento;-2.425861;-44.422417
547;SOUTH_AMERICA;BR;Pará;Jacundá;2km sul de Jacundá;-4.755556;-49.188333
548;SOUTH_AMERICA;BR;Maranhão;Alcântara;Ilha de Livramento;-2.42375;-44.425444
549;SOUTH_AMERICA;BR;Pará;;inderterminado;;
550;SOUTH_AMERICA;BR;Pará;Tucuruí;Tucuruí;-3.766944;-49.667222
551;SOUTH_AMERICA;BR;Mato Grosso;;Chapada dos Guimarães;;
552;SOUTH_AMERICA;BR;Maranhão;Alcântara;Ilha de Livramento;-2.42375;-44.425444
553;SOUTH_AMERICA;BR;Maranhão;Rosário;Roça da Nelma;-2.853972;-44.153167
554;SOUTH_AMERICA;BR;Maranhão;Rosário;inderterminado;-2.818139;-44.138972
555;SOUTH_AMERICA;BR;Pará;;Ilha das cobras;;
556;SOUTH_AMERICA;BR;Mato Grosso;;Chapada dos Guimarães;;
557;SOUTH_AMERICA;BR;Pará;;Rio Tocantins;;
558;SOUTH_AMERICA;BR;Pará;Carajás;Serra dos Carajás;;
559;SOUTH_AMERICA;BR;Maranhão;Alcântara;Ilha de Livramento;-2.42375;-44.425444
560;SOUTH_AMERICA;BR;Pará;;inderterminado;;
561;SOUTH_AMERICA;BR;Pará;;Ilha das cobras;;
562;SOUTH_AMERICA;BR;Pará;;Canoal. 35 km sul de Tucuruí;;
563;SOUTH_AMERICA;BR;Maranhão;Alcântara;Ilha de Livramento;-2.425861;-44.422417
564;SOUTH_AMERICA;BR;Maranhão;Centro Novo;Reserva Biológica Gurupi;-3.683261;-46.767078
565;SOUTH_AMERICA;BR;Maranhão;Itinga do Maranhão;Vila Canãa;-4.0428;-46.906058
566;SOUTH_AMERICA;BR;Maranhão;Centro Novo;Reserva Biológica Gurupi;-3.686322;-46.765706
567;SOUTH_AMERICA;BR;Maranhão;Centro Novo;Reserva Biológica Gurupi;-3.686322;-46.765706
568;SOUTH_AMERICA;BR;Maranhão;Centro Novo;Reserva Biológica Gurupi;-3.686322;-46.765706
569;SOUTH_AMERICA;BR;Maranhão;Centro Novo;Reserva Biológica Gurupi;-3.690242;-46.7536
570;SOUTH_AMERICA;BR;Pará;;Canoal. 35 km sul de Tucuruí;;
571;SOUTH_AMERICA;BR;Maranhão;Centro Novo;Reserva Biológica Gurupi;-3.680575;-46.770264
572;SOUTH_AMERICA;BR;Maranhão;Centro Novo;Reserva Biológica Gurupi;-3.686322;-46.765706
573;SOUTH_AMERICA;BR;Maranhão;Centro Novo;Reserva Biológica Gurupi;-3.686586;-46.759697
574;SOUTH_AMERICA;BR;Maranhão;Rosário;Roça da Nelma;-2.853972;-44.153167
575;SOUTH_AMERICA;BR;Maranhão;Alcântara;Espera;-2.032944;-44.454583
576;SOUTH_AMERICA;BR;Maranhão;Centro Novo;Reserva Biológica Gurupi;-3.690242;-46.7536
577;SOUTH_AMERICA;BR;Maranhão;Centro Novo;Reserva Biológica Gurupi;-3.683261;-46.767078
578;SOUTH_AMERICA;BR;Maranhão;Centro Novo;Reserva Biológica Gurupi;-3.680575;-46.770264
579;SOUTH_AMERICA;BR;Mato Grosso;;Chapada dos Guimarães;;
580;SOUTH_AMERICA;BR;Maranhão;Centro Novo;Reserva Biológica Gurupi;-3.690886;-46.751919
581;SOUTH_AMERICA;BR;Maranhão;Alcântara;Espera;-2.367028;-44.444528
582;SOUTH_AMERICA;BR;Maranhão;Centro Novo;Reserva Biológica Gurupi;-3.690242;-46.7536
583;SOUTH_AMERICA;BR;Maranhão;Alcântara;Ilha de Livramento;-2.417556;-44.422278
584;SOUTH_AMERICA;BR;Maranhão;Centro Novo;Reserva Biológica Gurupi;-3.687875;-46.75965
585;SOUTH_AMERICA;BR;Maranhão;Centro Novo;Reserva Biológica Gurupi;-3.687875;-46.75965
586;SOUTH_AMERICA;BR;Maranhão;Centro Novo;Reserva Biológica Gurupi;-3.688981;-46.766989
587;SOUTH_AMERICA;BR;Maranhão;Centro Novo;Reserva Biológica Gurupi;-3.690242;-46.7536
588;SOUTH_AMERICA;BR;Maranhão;Centro Novo;Reserva Biológica Gurupi;-3.690242;-46.7536
589;SOUTH_AMERICA;BR;Pará;Nova Timboteua;Base do 2o BIS;-1.181039;-47.370589
590;SOUTH_AMERICA;BR;Maranhão;Alcântara;Cajueiro;-2.351564;-44.450292
591;SOUTH_AMERICA;BR;Maranhão;Centro Novo;Reserva Biológica Gurupi;-3.686322;-46.765706
592;SOUTH_AMERICA;BR;Maranhão;Centro Novo;Reserva Biológica Gurupi;-3.688981;-46.766989
593;SOUTH_AMERICA;BR;Maranhão;Centro Novo;Reserva Biológica Gurupi;-3.690886;-46.751919
594;SOUTH_AMERICA;BR;Maranhão;Centro Novo;Reserva Biológica Gurupi;-3.686322;-46.765706
595;SOUTH_AMERICA;BR;Maranhão;Centro Novo;Reserva Biológica Gurupi;-3.690242;-46.7536
596;SOUTH_AMERICA;BR;Maranhão;Alcântara;Espera;-2.018294;-44.450458
597;SOUTH_AMERICA;BR;Pará;Viseu;São José do Gurupi;-1.571358;-46.271828
598;SOUTH_AMERICA;BR;Pará;Melgaço;Flona Caxiuanã;-1.803333;-50.7175
599;SOUTH_AMERICA;BR;Maranhão;Centro Novo;Reserva Biológica Gurupi;-3.686322;-46.765706
600;SOUTH_AMERICA;BR;Maranhão;Centro Novo;Reserva Biológica Gurupi;-3.688981;-46.766989
601;SOUTH_AMERICA;BR;Pará;Moju;Estação Experimental Embrapa;-2.298611;-48.773333
602;SOUTH_AMERICA;BR;Maranhão;Mirinzal;Fazenda Mundinho;-2.1158;-44.846669
603;SOUTH_AMERICA;BR;Maranhão;Mirinzal;Fazenda Mundinho;-2.1056;-44.841489
604;SOUTH_AMERICA;BR;Pará;Moju;Estação Experimental Embrapa;-2.298611;-48.773333
605;SOUTH_AMERICA;BR;Maranhão;Rosário;Roça da Nelma;-2.853972;-44.153167
606;SOUTH_AMERICA;BR;Maranhão;Centro Novo;Reserva Biológica Gurupi;-3.686322;-46.765706
607;SOUTH_AMERICA;BR;Pará;Melgaço;Flona Caxiuanã;-1.803333;-50.7175
608;SOUTH_AMERICA;BR;Maranhão;Centro Novo;Reserva Biológica Gurupi;-3.686322;-46.765706
609;SOUTH_AMERICA;BR;Maranhão;Centro Novo;Reserva Biológica Gurupi;-3.690242;-46.7536
610;SOUTH_AMERICA;BR;Maranhão;Centro Novo do Maranhão;Reserva Biológica Gurupi;-3.686586;-46.759697
611;SOUTH_AMERICA;BR;Maranhão;Centro Novo;Reserva Biológica Gurupi;-3.687875;-46.75965
612;SOUTH_AMERICA;BR;Maranhão;Centro Novo;Reserva Biológica Gurupi;-3.687875;-46.75965
613;SOUTH_AMERICA;BR;Pará;Moju;Estação Experimental Embrapa;-2.298611;-48.773333
614;SOUTH_AMERICA;BR;Pará;Nova Timboteua;Base do 2o BIS;-1.186219;-47.3676
615;SOUTH_AMERICA;BR;Pará;Viseu;São José do Gurupi;-1.587758;-46.277889
616;SOUTH_AMERICA;BR;Pará;Paragominas;Fazenda Vitória;-2.980208;-47.407939
617;SOUTH_AMERICA;BR;Pará;Viseu;São José do Gurupi;-1.567308;-46.279828
618;SOUTH_AMERICA;BR;Maranhão;Centro Novo;Reserva Biológica Gurupi;-3.688981;-46.766989
619;SOUTH_AMERICA;BR;Pará;Viseu;São José do Gurupi;-1.5956;-46.282258
620;SOUTH_AMERICA;BR;Maranhão;Centro Novo do Maranhão;REBIO do Gurupi -  NORTE;-3.681919;-46.7709
621;SOUTH_AMERICA;BR;Pará;Viseu;São José do Gurupi;-1.571358;-46.271828
622;SOUTH_AMERICA;BR;Pará;Viseu;São José do Gurupi;-1.571358;-46.271828
623;SOUTH_AMERICA;BR;Pará;Viseu;São José do Gurupi;-1.567308;-46.279828
624;SOUTH_AMERICA;BR;Maranhão;Governador Nunes Freire;Fazenda 7 irmãos;-1.863469;-45.760839
625;SOUTH_AMERICA;BR;Pará;Viseu;São José do Gurupi;-1.571358;-46.271828
626;SOUTH_AMERICA;BR;Pará;Viseu;São José do Gurupi;-1.587758;-46.277889
627;SOUTH_AMERICA;BR;Maranhão;Bom Jardim;REBIO do Gurupi -  Sul;-3.921508;-46.7629
628;SOUTH_AMERICA;BR;Pará;Viseu;São José do Gurupi;-1.587758;-46.277889
629;SOUTH_AMERICA;BR;Maranhão;Centro Novo;Reserva Biológica Gurupi;-3.686322;-46.765706
630;SOUTH_AMERICA;BR;Pará;Tailândia;Fazenda Marupiara;-2.793986;-48.545394
631;SOUTH_AMERICA;BR;Pará;Viseu;São José do Gurupi;-1.571358;-46.271828
632;SOUTH_AMERICA;BR;Maranhão;Governador Nunes Freire;Fazenda 7 irmãos;-1.861019;-45.747219
633;SOUTH_AMERICA;BR;Pará;Moju;Estação Experimental Embrapa;-2.169728;-48.796608
634;SOUTH_AMERICA;BR;Pará;Viseu;São José do Gurupi;-1.567308;-46.279828
635;SOUTH_AMERICA;BR;Pará;Viseu;São José do Gurupi;-1.571358;-46.271828
636;SOUTH_AMERICA;BR;Pará;Viseu;São José do Gurupi;-1.571358;-46.271828
637;SOUTH_AMERICA;BR;Pará;Nova Ipixuna;Fazenda Capixaba;-4.844969;-49.237869
638;SOUTH_AMERICA;BR;Pará;Tailândia;Fazenda Marupiara;-2.793986;-48.545397
639;SOUTH_AMERICA;BR;Pará;Viseu;São José do Gurupi;-1.587758;-46.277889
640;SOUTH_AMERICA;BR;Pará;Moju;Estação Experimental Embrapa;-2.169731;-48.796608
641;SOUTH_AMERICA;BR;Pará;Moju;Estação Experimental Embrapa;-2.195658;-48.794108
642;SOUTH_AMERICA;BR;Pará;Viseu;São José do Gurupi;-1.5956;-46.282258
643;SOUTH_AMERICA;BR;Pará;Moju;Estação Experimental Embrapa;-2.186789;-48.79365
644;SOUTH_AMERICA;BR;Pará;Moju;Estação Experimental Embrapa;-2.186789;-48.79365
645;SOUTH_AMERICA;BR;Maranhão;Mirinzal;Fazenda Mundinho;-2.1056;-44.841489
646;SOUTH_AMERICA;BR;Pará;Tailândia;Fazenda Marupiara;-2.803678;-48.528169
647;SOUTH_AMERICA;BR;Pará;Nova Timboteua;Base do 2o BIS;-1.186219;-47.3676
648;SOUTH_AMERICA;BR;Pará;Nova Timboteua;Base do 2o BIS;-1.181039;-47.370589
649;SOUTH_AMERICA;BR;Pará;Nova Timboteua;Base do 2o BIS;-1.181039;-47.370589
650;SOUTH_AMERICA;BR;Pará;Viseu;São José do Gurupi;-1.5956;-46.282258
651;SOUTH_AMERICA;BR;Pará;Nova Timboteua;Base do 2o BIS;-1.181039;-47.370589
652;SOUTH_AMERICA;BR;Pará;Moju;Estação Experimental Embrapa;-2.169731;-48.796608
653;SOUTH_AMERICA;BR;Pará;Moju;Estação Experimental Embrapa;-2.1782;-48.79365
654;SOUTH_AMERICA;BR;Pará;Viseu;São José do Gurupi;-1.5956;-46.282258
655;SOUTH_AMERICA;BR;Maranhão;Governador Nunes Freire;Fazenda 7 irmãos;-1.864308;-45.738878
656;SOUTH_AMERICA;BR;Pará;Viseu;São José do Gurupi;-1.587758;-46.277889
657;SOUTH_AMERICA;BR;Pará;Nova Ipixuna;Fazenda Capixaba;-4.844969;-49.237869
658;SOUTH_AMERICA;BR;Pará;Nova Timboteua;Base do 2o BIS;-1.186219;-47.3676
659;SOUTH_AMERICA;BR;Pará;Moju;Estação Experimental Embrapa;-2.186789;-48.79365
660;SOUTH_AMERICA;BR;Pará;Nova Ipixuna;Fazenda Capixaba;-4.854758;-49.23445
661;SOUTH_AMERICA;BR;Pará;Paragominas;Fazenda Vitória;-2.983078;-47.425558
662;SOUTH_AMERICA;BR;Pará;Moju;Estação Experimental Embrapa;-2.1782;-48.79365
663;SOUTH_AMERICA;BR;Pará;Tailândia;Fazenda Marupiara;-2.793986;-48.545397
664;SOUTH_AMERICA;BR;Maranhão;Centro Novo do Maranhão;REBIO do Gurupi -  NORTE;-3.685539;-46.762789
665;SOUTH_AMERICA;BR;Pará;;indeterminado;;
666;SOUTH_AMERICA;BR;Maranhão;Bom Jardim;REBIO do Gurupi -  Sul;-3.921508;-46.7629
667;SOUTH_AMERICA;BR;Pará;Pacajá;indeterminado;-3.705833;-51.035
668;SOUTH_AMERICA;BR;Pará;Palmares;indeterminado;-5.849722;-49.865556
669;SOUTH_AMERICA;BR;Maranhão;Governador Nunes Freire;Fazenda 7 irmãos;-1.863469;-45.760839
670;SOUTH_AMERICA;BR;Pará;Pacajá;indeterminado;-3.705833;-51.035
671;SOUTH_AMERICA;BR;Maranhão;Mirinzal;Fazenda Mundinho;-2.118108;-44.825508
672;SOUTH_AMERICA;BR;Pará;Maçaranduba;indeterminado;-4.806111;-49.317778
673;SOUTH_AMERICA;BR;Maranhão;Mirinzal;Fazenda Mundinho;-2.118108;-44.825508
674;SOUTH_AMERICA;BR;Pará;Pacajá;indeterminado;-3.705833;-51.035
675;SOUTH_AMERICA;BR;Maranhão;Governador Nunes Freire;Fazenda 7 irmãos;-1.856708;-45.755469
676;SOUTH_AMERICA;BR;Pará;Paragominas;Fazenda Vitória;-2.980208;-47.407939
677;SOUTH_AMERICA;BR;Maranhão;Mirinzal;Fazenda Mundinho;-2.1056;-44.841489
678;SOUTH_AMERICA;BR;Pará;Palmares;indeterminado;-5.849722;-49.865556
679;SOUTH_AMERICA;BR;Pará;Pacajá;indeterminado;-3.705833;-51.035
680;SOUTH_AMERICA;BR;Pará;Pacajá;indeterminado;-3.705833;-51.035
681;SOUTH_AMERICA;BR;Pará;Palmares;indeterminado;-5.849722;-49.865556
682;SOUTH_AMERICA;BR;Pará;Viseu;São José do Gurupi;-1.587758;-46.277889
683;SOUTH_AMERICA;BR;Pará;Maçaranduba;indeterminado;-4.806111;-49.317778
684;SOUTH_AMERICA;BR;Pará;Palmares;indeterminado;-5.849722;-49.865556
685;SOUTH_AMERICA;BR;Pará;Moju;Estação Experimental Embrapa;-2.186789;-48.79365
686;SOUTH_AMERICA;BR;Pará;Maçaranduba;indeterminado;-4.806111;-49.317778
687;SOUTH_AMERICA;BR;Maranhão;Governador Nunes Freire;Fazenda 7 irmãos;-1.861019;-45.747219
688;SOUTH_AMERICA;BR;Pará;Pacajá;indeterminado;-3.705833;-51.035
689;SOUTH_AMERICA;BR;Pará;Curuçá;Ilha de Areuá - estuário do Rio Curuçá;-0.586119;-47.846192
690;SOUTH_AMERICA;BR;Maranhão;Centro Novo do Maranhão;REBIO do Gurupi -  NORTE;-3.681919;-46.7709
691;SOUTH_AMERICA;BR;Pará;Pacajá;indeterminado;-3.705833;-51.035
692;SOUTH_AMERICA;BR;Pará;Curuçá;Ilha de Areuá - estuário do Rio Curuçá;-0.586119;-47.846192
693;SOUTH_AMERICA;BR;Pará;Maçaranduba;inderterminado;-4.806111;-49.317778
694;SOUTH_AMERICA;BR;Pará;Palmares;inderterminado;-5.849722;-49.865556
695;SOUTH_AMERICA;BR;Pará;Curuçá;Ilha de Areuá - estuário do Rio Curuçá;-0.586119;-47.846192
696;SOUTH_AMERICA;BR;Pará;Curuçá;Ilha de Areuá - estuário do Rio Curuçá;-0.586119;-47.846192
697;SOUTH_AMERICA;BR;Pará;;Rio Maró. Nova Canaã;;
698;SOUTH_AMERICA;BR;Pará;Pacajá;indeterminado;-3.705833;-51.035
699;SOUTH_AMERICA;BR;Pará;Maçaranduba;inderterminado;-4.806111;-49.317778
700;SOUTH_AMERICA;BR;Pará;Curuçá;Ilha de Areuá - estuário do Rio Curuçá;-0.586119;-47.846192
701;SOUTH_AMERICA;BR;Pará;Curuçá;Ilha de Areuá - estuário do Rio Curuçá;-0.586119;-47.846192
702;SOUTH_AMERICA;BR;Maranhão;Mirinzal;Fazenda Mundinho;-2.1158;-44.846669
703;SOUTH_AMERICA;BR;Pará;Maçaranduba;Lote Josias;-4.806111;-49.317778
704;SOUTH_AMERICA;BR;Pará;Maçaranduba;indeterminado;-4.806111;-49.317778
705;SOUTH_AMERICA;BR;Pará;Pacajá;indeterminado;-3.705833;-51.035
706;SOUTH_AMERICA;BR;Maranhão;Governador Nunes Freire;Fazenda 7 irmãos;-1.861019;-45.747219
707;SOUTH_AMERICA;BR;Pará;Pacajá;Lote Egmar;-3.705833;-51.035
708;SOUTH_AMERICA;BR;Pará;Pacajá;Lote Groselha;-3.705833;-51.035
709;SOUTH_AMERICA;BR;Pará;Curuçá;Ilha de Areuá - estuário do Rio Curuçá;-0.586119;-47.846192
710;SOUTH_AMERICA;BR;Pará;Maçaranduba;inderterminado;-4.806111;-49.317778
711;SOUTH_AMERICA;BR;Pará;Pacajá;indeterminado;-3.705833;-51.035
712;SOUTH_AMERICA;BR;Pará;Palmares;indeterminado;-5.849722;-49.865556
713;SOUTH_AMERICA;BR;Pará;Maçaranduba;indeterminado;-4.806111;-49.317778
714;SOUTH_AMERICA;BR;Pará;Melgaço;Caxiuanã. ECFP;-1.736933;-51.454931
715;SOUTH_AMERICA;BR;Pará;Curuçá;Ilha de Areuá - estuário do Rio Curuçá;-0.586119;-47.846192
716;SOUTH_AMERICA;BR;Pará;Palmares;Lote Mearin;-5.849722;-49.865556
717;SOUTH_AMERICA;BR;Pará;Curuçá;Ilha de Areuá - estuário do Rio Curuçá;-0.586119;-47.846192
718;SOUTH_AMERICA;BR;Pará;Curuçá;Ilha de Areuá - estuário do Rio Curuçá;-0.586119;-47.846192
719;SOUTH_AMERICA;BR;Pará;Curuçá;Ilha de Areuá - estuário do Rio Curuçá;-0.586119;-47.846192
720;SOUTH_AMERICA;BR;Pará;Curuçá;Ilha de Areuá - estuário do Rio Curuçá;-0.586119;-47.846192
721;SOUTH_AMERICA;BR;Pará;Pacajá;indeterminado;-3.705833;-51.035
722;SOUTH_AMERICA;BR;Pará;Curuçá;Ilha de Areuá - estuário do Rio Curuçá;-0.586119;-47.846192
723;SOUTH_AMERICA;BR;Pará;Curuçá;Ilha de Areuá - estuário do Rio Curuçá;-0.586119;-47.846192
724;SOUTH_AMERICA;BR;Pará;Curuçá;Ilha de Areuá - estuário do Rio Curuçá;-0.586119;-47.846192
725;SOUTH_AMERICA;BR;Pará;Melgaço;Caxiuanã. ECFP;-1.736933;-51.454931
726;SOUTH_AMERICA;BR;Pará;Curuçá;Ilha de Areuá - estuário do Rio Curuçá;-0.586119;-47.846192
727;SOUTH_AMERICA;BR;Pará;Curuçá;Ilha de Areuá - estuário do Rio Curuçá;-0.586119;-47.846192
728;SOUTH_AMERICA;BR;Pará;Melgaço;Caxiuanã. ECFP;-1.736933;-51.454931
729;SOUTH_AMERICA;BR;Pará;Belém;MPEG Campus de pesquisa;-1.450889;-48.443944
730;SOUTH_AMERICA;BR;Pará;Melgaço;Caxiuanã. ECFP;-1.736933;-51.454931
731;SOUTH_AMERICA;BR;Pará;Curuçá;Ilha de Areuá - estuário do Rio Curuçá;-0.586119;-47.846192
732;SOUTH_AMERICA;BR;Pará;Curuçá;Ilha de Areuá - estuário do Rio Curuçá;-0.586119;-47.846192
733;SOUTH_AMERICA;BR;Pará;Curuçá;Ilha de Areuá - estuário do Rio Curuçá;-0.586119;-47.846192
734;SOUTH_AMERICA;BR;Pará;Melgaço;Caxiuanã. ECFP;-1.736933;-51.454931
735;SOUTH_AMERICA;BR;Pará;Curuçá;Ilha de Areuá - estuário do Rio Curuçá;-0.586119;-47.846192
736;SOUTH_AMERICA;BR;Pará;Curuçá;Ilha de Areuá - estuário do Rio Curuçá;-0.586119;-47.846192
737;SOUTH_AMERICA;BR;Pará;Curuçá;Ilha de Areuá - estuário do Rio Curuçá;-0.586119;-47.846192
738;SOUTH_AMERICA;BR;Pará;Curuçá;Ilha de Areuá - estuário do Rio Curuçá;-0.586119;-47.846192
739;SOUTH_AMERICA;BR;Pará;Curuçá;Ilha de Areuá - estuário do Rio Curuçá;-0.586119;-47.846192
740;SOUTH_AMERICA;BR;Pará;Melgaço;Caxiuanã. ECFP;-1.736933;-51.454931
741;SOUTH_AMERICA;BR;Pará;Melgaço;Caxiuanã. ECFP;-1.736933;-51.454931
742;SOUTH_AMERICA;BR;Pará;Melgaço;Caxiuanã. ECFP;-1.736933;-51.454931
743;SOUTH_AMERICA;BR;Pará;Curuçá;Ilha de Areuá - estuário do Rio Curuçá;-0.586119;-47.846192
744;SOUTH_AMERICA;BR;Pará;Melgaço;Caxiuanã. ECFP;-1.736933;-51.454931
745;SOUTH_AMERICA;BR;Pará;Melgaço;Caxiuanã. ECFP;-1.736933;-51.454931
746;SOUTH_AMERICA;BR;Pará;Melgaço;Caxiuanã. ECFP;-1.736933;-51.454931
747;SOUTH_AMERICA;BR;Pará;Melgaço;Caxiuanã. ECFP;-1.736933;-51.454931
748;SOUTH_AMERICA;BR;Pará;Melgaço;Caxiuanã. ECFP;-1.736933;-51.454931
749;SOUTH_AMERICA;BR;Pará;Melgaço;Caxiuanã. ECFP;-1.736933;-51.454931
750;SOUTH_AMERICA;BR;Pará;Melgaço;Caxiuanã. ECFP;-1.736933;-51.454931
751;SOUTH_AMERICA;BR;Pará;Melgaço;Caxiuanã. ECFP;-1.736933;-51.454931
752;SOUTH_AMERICA;BR;Pará;Melgaço;Caxiuanã. ECFP;-1.736933;-51.454931
753;SOUTH_AMERICA;BR;Pará;Melgaço;Caxiuanã. ECFP;-1.736933;-51.454931
754;SOUTH_AMERICA;BR;Pará;Melgaço;Caxiuanã. ECFP;-1.736933;-51.454931
755;SOUTH_AMERICA;BR;Pará;Melgaço;Caxiuanã. ECFP;-1.736933;-51.454931
756;SOUTH_AMERICA;BR;Pará;Melgaço;Caxiuanã. ECFP;-1.736933;-51.454931
757;SOUTH_AMERICA;BR;Pará;Melgaço;Caxiuanã. ECFP;-1.736933;-51.454931
758;SOUTH_AMERICA;BR;Pará;Melgaço;Caxiuanã. ECFP;-1.736933;-51.454931
759;SOUTH_AMERICA;BR;Pará;Melgaço;Caxiuanã. ECFP;-1.736933;-51.454931
760;SOUTH_AMERICA;BR;Pará;Melgaço;Caxiuanã. ECFP;-1.736933;-51.454931
761;SOUTH_AMERICA;BR;Pará;Melgaço;Caxiuanã. ECFP;-1.736933;-51.454931
762;SOUTH_AMERICA;BR;Pará;Melgaço;Caxiuanã. ECFP;-1.736933;-51.454931
763;SOUTH_AMERICA;BR;Pará;Melgaço;Caxiuanã. ECFP;-1.736933;-51.454931
764;SOUTH_AMERICA;BR;Pará;Melgaço;Caxiuanã. ECFP;-1.736933;-51.454931
765;SOUTH_AMERICA;BR;Pará;Melgaço;Caxiuanã. ECFP;-1.736933;-51.454931
766;SOUTH_AMERICA;BR;Pará;Melgaço;Caxiuanã. ECFP;-1.736933;-51.454931
767;SOUTH_AMERICA;BR;Pará;Melgaço;Caxiuanã. ECFP;-1.736933;-51.454931
768;SOUTH_AMERICA;BR;Pará;Melgaço;Caxiuanã. ECFP;-1.736933;-51.454931
769;SOUTH_AMERICA;BR;Pará;Melgaço;Caxiuanã. ECFP;-1.736933;-51.454931
770;SOUTH_AMERICA;BR;Pará;Melgaço;Caxiuanã. PPBio project. A transect;-1.960217;-51.618897
771;SOUTH_AMERICA;BR;Pará;Melgaço;Caxiuanã. ECFP;-1.736933;-51.454931
772;SOUTH_AMERICA;BR;Pará;Melgaço;Caxiuanã. ECFP;-1.736933;-51.454931
773;SOUTH_AMERICA;BR;Pará;Melgaço;Caxiuanã. PPBio project. A transect;-1.960217;-51.618897
774;SOUTH_AMERICA;BR;Pará;Melgaço;Caxiuanã. PPBio project. A transect;-1.960217;-51.618897
775;SOUTH_AMERICA;BR;Pará;Melgaço;Caxiuanã. PPBio project. A transect;-1.960217;-51.618897
776;SOUTH_AMERICA;BR;Pará;Melgaço;Caxiuanã. ECFP;-1.736933;-51.454931
777;SOUTH_AMERICA;BR;Pará;Melgaço;Caxiuanã. ECFP;-1.736933;-51.454931
778;SOUTH_AMERICA;BR;Pará;Melgaço;Caxiuanã. PPBio project. A transect;-1.960217;-51.618897
779;SOUTH_AMERICA;BR;Pará;Melgaço;Caxiuanã. PPBio project. A transect;-1.960217;-51.618897
780;SOUTH_AMERICA;BR;Pará;Melgaço;Caxiuanã. PPBio project. A transect;-1.960217;-51.618897
781;SOUTH_AMERICA;BR;Pará;Melgaço;Caxiuanã. ECFP;-1.736933;-51.454931
782;SOUTH_AMERICA;BR;Pará;Melgaço;Caxiuanã. PPBio project. A transect;-1.960217;-51.618897
783;SOUTH_AMERICA;BR;Pará;Melgaço;Caxiuanã. PPBio project. A transect;-1.960217;-51.618897
784;SOUTH_AMERICA;BR;Pará;Melgaço;Caxiuanã. PPBio project. A transect;-1.960217;-51.618897
785;SOUTH_AMERICA;BR;Pará;Melgaço;Caxiuanã. PPBio project. A transect;-1.960217;-51.618897
786;SOUTH_AMERICA;BR;Pará;Melgaço;Caxiuanã. ECFP;-1.736933;-51.454931
787;SOUTH_AMERICA;BR;Pará;Melgaço;Caxiuanã. ECFP;-1.736933;-51.454931
788;SOUTH_AMERICA;BR;Pará;Melgaço;Caxiuanã. ECFP;-1.736933;-51.454931
789;SOUTH_AMERICA;BR;Pará;Melgaço;Caxiuanã. PPBio project. A transect;-1.960217;-51.618897
790;SOUTH_AMERICA;BR;Pará;Melgaço;Caxiuanã. PPBio project. A transect;-1.960217;-51.618897
791;SOUTH_AMERICA;BR;Pará;Melgaço;Caxiuanã. ECFP;-1.736933;-51.454931
792;SOUTH_AMERICA;BR;Pará;Melgaço;Caxiuanã. PPBio project. A transect;-1.960217;-51.618897
793;SOUTH_AMERICA;BR;Pará;Melgaço;Caxiuanã. PPBio project. A transect;-1.960217;-51.618897
794;SOUTH_AMERICA;BR;Pará;Melgaço;Caxiuanã. PPBio project. A transect;-1.960217;-51.618897
795;SOUTH_AMERICA;BR;Pará;Melgaço;Caxiuanã. PPBio project. A transect;-1.960217;-51.618897
796;SOUTH_AMERICA;BR;Pará;Melgaço;Caxiuanã. PPBio project. A transect;-1.960217;-51.618897
797;SOUTH_AMERICA;BR;Pará;Melgaço;Caxiuanã. PPBio project. A transect;-1.960217;-51.618897
798;SOUTH_AMERICA;BR;Pará;Melgaço;Caxiuanã. PPBio project. A transect;-1.960217;-51.618897
799;SOUTH_AMERICA;BR;Pará;Melgaço;Caxiuanã. PPBio project. A transect;-1.960217;-51.618897
800;SOUTH_AMERICA;BR;Pará;Melgaço;Caxiuanã. PPBio project. A transect;-1.960217;-51.618897
801;SOUTH_AMERICA;BR;Pará;Melgaço;Caxiuanã. PPBio project. A transect;-1.960217;-51.618897
802;SOUTH_AMERICA;BR;Pará;Melgaço;Caxiuanã. PPBio project. A transect;-1.960217;-51.618897
803;SOUTH_AMERICA;BR;Pará;Melgaço;Caxiuanã. PPBio project. A transect;-1.960217;-51.618897
804;SOUTH_AMERICA;BR;Pará;Melgaço;Caxiuanã. PPBio project. A transect;-1.960217;-51.618897
805;SOUTH_AMERICA;BR;Pará;Melgaço;Caxiuanã. PPBio project. A transect;-1.960217;-51.618897
806;SOUTH_AMERICA;BR;Pará;Melgaço;Caxiuanã. PPBio project. A transect;-1.960217;-51.618897
807;SOUTH_AMERICA;BR;Pará;Melgaço;Caxiuanã. PPBio project. A transect;-1.960217;-51.618897
808;SOUTH_AMERICA;BR;Pará;Melgaço;Caxiuanã. PPBio project. A transect;-1.960217;-51.618897
809;SOUTH_AMERICA;BR;Pará;Melgaço;Caxiuanã. PPBio project. A transect;-1.960217;-51.618897
810;SOUTH_AMERICA;BR;Pará;Melgaço;Caxiuanã. PPBio project. A transect;-1.960217;-51.618897
811;SOUTH_AMERICA;BR;Pará;Melgaço;Caxiuanã. PPBio project. A transect;-1.960217;-51.618897
812;SOUTH_AMERICA;BR;Pará;Melgaço;Caxiuanã. PPBio project. A transect;-1.960217;-51.618897
813;SOUTH_AMERICA;BR;Pará;Melgaço;Caxiuanã. PPBio project. A transect;-1.960217;-51.618897
814;SOUTH_AMERICA;BR;Pará;Melgaço;Caxiuanã. PPBio project. A transect;-1.960217;-51.618897
815;SOUTH_AMERICA;BR;Pará;Melgaço;Caxiuanã. PPBio project. A transect;-1.960217;-51.618897
816;SOUTH_AMERICA;BR;Pará;Melgaço;Caxiuanã. PPBio project. A transect;-1.960217;-51.618897
817;SOUTH_AMERICA;BR;Pará;Parauabepas;Palmares-Lote Baianinho;-5.849722;-49.865556
818;SOUTH_AMERICA;BR;Pará;Melgaço;Caxiuanã. PPBio project. A transect;-1.960217;-51.618897
819;SOUTH_AMERICA;BR;Pará;Melgaço;Caxiuanã. PPBio project. A transect;-1.960217;-51.618897
820;SOUTH_AMERICA;BR;Pará;Melgaço;Caxiuanã. PPBio project. A transect;-1.960217;-51.618897
821;SOUTH_AMERICA;BR;Pará;Pacajá;Lote Domingos Ferro;-3.705833;-51.035
822;SOUTH_AMERICA;BR;Pará;Melgaço;Caxiuanã. PPBio project. A transect;-1.960217;-51.618897
823;SOUTH_AMERICA;BR;Pará;Nova Ipixuna;Maçaranduba-Lote Josias;-4.806111;-49.317778
824;SOUTH_AMERICA;BR;Pará;Melgaço;Caxiuanã. PPBio project. A transect;-1.960217;-51.618897
825;SOUTH_AMERICA;BR;Pará;Melgaço;Caxiuanã. PPBio project. A transect;-1.960217;-51.618897
826;SOUTH_AMERICA;BR;Pará;Melgaço;Caxiuanã. PPBio project. A transect;-1.960217;-51.618897
827;SOUTH_AMERICA;BR;Pará;Melgaço;Caxiuanã. PPBio project. A transect;-1.960217;-51.618897
828;SOUTH_AMERICA;BR;Pará;Melgaço;Caxiuanã. PPBio project. A transect;-1.960217;-51.618897
829;SOUTH_AMERICA;BR;Pará;Parauabepas;Palmares-Lote Mearim;-5.849722;-49.865556
830;SOUTH_AMERICA;BR;Pará;Parauabepas;Palmares-Lote Baianinho;-5.849722;-49.865556
831;SOUTH_AMERICA;BR;Pará;Pacajá;Lote Luis Merenda;-3.705833;-51.035
832;SOUTH_AMERICA;BR;Pará;Nova Ipixuna;Maçaranduba-Lote Geni;-4.806111;-49.317778
833;SOUTH_AMERICA;BR;Pará;Melgaço;Caxiuanã. PPBio project. A transect;-1.960217;-51.618897
834;SOUTH_AMERICA;BR;Pará;Parauabepas;Palmares-Lote Baianinho;-5.849722;-49.865556
835;SOUTH_AMERICA;BR;Pará;Parauabepas;Palmares-Lote Baianinho;-5.849722;-49.865556
836;SOUTH_AMERICA;BR;Pará;Melgaço;Caxiuanã. PPBio project. A transect;-1.960217;-51.618897
837;SOUTH_AMERICA;BR;Pará;Melgaço;Caxiuanã. PPBio project. A transect;-1.960217;-51.618897
838;SOUTH_AMERICA;BR;Pará;Melgaço;Caxiuanã. PPBio project. A transect;-1.960217;-51.618897
839;SOUTH_AMERICA;BR;Pará;Melgaço;Caxiuanã. PPBio project. A transect;-1.960217;-51.618897
840;SOUTH_AMERICA;BR;Pará;Melgaço;Caxiuanã. PPBio project. A transect;-1.960217;-51.618897
841;SOUTH_AMERICA;BR;Pará;Parauabepas;Palmares-Lote Mearim;-5.849722;-49.865556
842;SOUTH_AMERICA;BR;Pará;Nova Ipixuna;Maçaranduba-Lote Geni;-4.806111;-49.317778
843;SOUTH_AMERICA;BR;Pará;Nova Ipixuna;Maçaranduba-Lote Riva;-4.806111;-49.317778
844;SOUTH_AMERICA;BR;Pará;Nova Ipixuna;Maçaranduba-Lote Galbão;-4.806111;-49.317778
845;SOUTH_AMERICA;BR;Pará;Nova Ipixuna;Maçaranduba-Lote Joaquina;-4.806111;-49.317778
846;SOUTH_AMERICA;BR;Pará;Nova Ipixuna;Maçaranduba-Lote Zé Rondon;-4.806111;-49.317778
847;SOUTH_AMERICA;BR;Pará;Nova Ipixuna;Maçaranduba-Lote Galbão;-4.806111;-49.317778
848;SOUTH_AMERICA;BR;Pará;Nova Ipixuna;Maçaranduba-Lote Riva;-4.806111;-49.317778
849;SOUTH_AMERICA;BR;Pará;Nova Ipixuna;Maçaranduba-Lote Jurandir;-4.806111;-49.317778
850;SOUTH_AMERICA;BR;Pará;Nova Ipixuna;Maçaranduba-Lote Joaquina;-4.806111;-49.317778
851;SOUTH_AMERICA;BR;Pará;Nova Ipixuna;Maçaranduba;-4.806111;-49.317778
852;SOUTH_AMERICA;BR;Pará;Nova Ipixuna;Maçaranduba-Lote Jurandir;-4.806111;-49.317778
853;SOUTH_AMERICA;BR;Pará;Nova Ipixuna;Maçaranduba-Lote Zé Rondon;-4.806111;-49.317778
854;SOUTH_AMERICA;BR;Pará;Nova Ipixuna;Maçaranduba-Lote Geni;-4.806111;-49.317778
855;SOUTH_AMERICA;BR;Pará;Nova Ipixuna;Maçaranduba-Lote Riva;-4.806111;-49.317778
856;SOUTH_AMERICA;BR;Pará;Nova Ipixuna;Maçaranduba-Lote Geni;-4.806111;-49.317778
857;SOUTH_AMERICA;BR;Pará;Nova Ipixuna;Maçaranduba-Lote Galbão;-4.806111;-49.317778
858;SOUTH_AMERICA;BR;Pará;Nova Ipixuna;Maçaranduba-Lote Galbão;-4.806111;-49.317778
859;SOUTH_AMERICA;BR;Pará;Nova Ipixuna;Maçaranduba-Lote Galbão;-4.806111;-49.317778
860;SOUTH_AMERICA;BR;Pará;Nova Ipixuna;Maçaranduba-Lote Galbão;-4.806111;-49.317778
861;SOUTH_AMERICA;BR;Pará;Nova Ipixuna;Maçaranduba-Lote Riva;-4.806111;-49.317778
862;SOUTH_AMERICA;BR;Pará;Nova Ipixuna;Maçaranduba-Lote Galbão;-4.806111;-49.317778
863;SOUTH_AMERICA;BR;Pará;Nova Ipixuna;Maçaranduba-Lote Josias;-4.806111;-49.317778
864;SOUTH_AMERICA;BR;Pará;Nova Ipixuna;Maçaranduba-Lote Joaquina;-4.806111;-49.317778
865;SOUTH_AMERICA;BR;Pará;Nova Ipixuna;Maçaranduba-Lote Galbão;-4.806111;-49.317778
866;SOUTH_AMERICA;BR;Pará;Nova Ipixuna;Maçaranduba-Lote Geni;-4.806111;-49.317778
867;SOUTH_AMERICA;BR;Pará;Nova Ipixuna;Maçaranduba-Lote Jurandir;-4.806111;-49.317778
868;SOUTH_AMERICA;BR;Pará;Nova Ipixuna;Maçaranduba-Lote Galbão;-4.806111;-49.317778
869;SOUTH_AMERICA;BR;Pará;Nova Ipixuna;Maçaranduba-Lote Jurandir;-4.806111;-49.317778
870;SOUTH_AMERICA;BR;Pará;Nova Ipixuna;Maçaranduba-Lote Riva;-4.806111;-49.317778
871;SOUTH_AMERICA;BR;Pará;Nova Ipixuna;Maçaranduba-Lote Riva;-4.806111;-49.317778
872;SOUTH_AMERICA;BR;Pará;Nova Ipixuna;Maçaranduba-Lote Zé Rondon;-4.806111;-49.317778
873;SOUTH_AMERICA;BR;Pará;Nova Ipixuna;Maçaranduba-Lote Galbão;-4.806111;-49.317778
874;SOUTH_AMERICA;BR;Pará;Nova Ipixuna;Maçaranduba-Lote Riva;-4.806111;-49.317778
875;SOUTH_AMERICA;BR;Pará;Nova Ipixuna;Maçaranduba-Lote Geni;-4.806111;-49.317778
876;SOUTH_AMERICA;BR;Pará;Nova Ipixuna;Maçaranduba-Lote Josias;-4.806111;-49.317778
877;SOUTH_AMERICA;BR;Pará;Pacajá;Lote Egmar;-3.705833;-51.035
878;SOUTH_AMERICA;BR;Pará;Nova Ipixuna;Maçaranduba-Lote Geni;-4.806111;-49.317778
879;SOUTH_AMERICA;BR;Pará;Nova Ipixuna;Maçaranduba-Lote Geni;-5.849722;-49.865556
880;SOUTH_AMERICA;BR;Pará;Nova Ipixuna;Maçaranduba-Lote Zé Rondon;-4.806111;-49.317778
881;SOUTH_AMERICA;BR;Pará;Nova Ipixuna;Maçaranduba-Lote Zé Rondon;-4.806111;-49.317778
882;SOUTH_AMERICA;BR;Pará;Nova Ipixuna;Maçaranduba-Lote Geni;-4.806111;-49.317778
883;SOUTH_AMERICA;BR;Pará;Nova Ipixuna;Maçaranduba-Lote Jurandir;-4.806111;-49.317778
884;SOUTH_AMERICA;BR;Pará;Parauabepas;Palmares-Lote Mearim;-4.806111;-49.317778
885;SOUTH_AMERICA;BR;Pará;Nova Ipixuna;Maçaranduba-Lote Josias;-4.806111;-49.317778
886;SOUTH_AMERICA;BR;Pará;Nova Ipixuna;Maçaranduba-Lote Riva;-4.806111;-49.317778
887;SOUTH_AMERICA;BR;Pará;Nova Ipixuna;Maçaranduba-Lote Galbão;-4.806111;-49.317778
888;SOUTH_AMERICA;BR;Pará;Nova Ipixuna;Maçaranduba-Lote Zé Rondon;-4.806111;-49.317778
889;SOUTH_AMERICA;BR;Pará;Nova Ipixuna;Maçaranduba-Lote Jurandir;-4.806111;-49.317778
890;SOUTH_AMERICA;BR;Pará;Nova Ipixuna;Maçaranduba-Lote Jurandir;-4.806111;-49.317778
891;SOUTH_AMERICA;BR;Pará;Nova Ipixuna;Maçaranduba-Lote Geni;-4.806111;-49.317778
